{"cameraMode":{"drawMode":0,"name":"Shaded","section":"Shading Mode"},"sceneLighting":false,"audioPlay":false,"sceneViewState":{"showFog":true,"showMaterialUpdate":false,"showSkybox":true,"showFlares":true,"showImageEffects":true,"showParticleSystems":true},"in2DMode":false,"pivot":{"x":-0.20962530374526978,"y":0.0,"z":1.3470481634140015},"rotation":{"x":0.10177861154079437,"y":0.18685899674892426,"z":-0.019468655809760095,"w":0.9769062399864197},"size":1.2057368755340577,"orthographic":false}