{"cameraMode":{"drawMode":0,"name":"Shaded","section":"Shading Mode"},"sceneLighting":false,"audioPlay":false,"sceneViewState":{"showFog":true,"showMaterialUpdate":false,"showSkybox":true,"showFlares":true,"showImageEffects":true,"showParticleSystems":true},"in2DMode":false,"pivot":{"x":0.3174365758895874,"y":-0.06337383389472962,"z":1.0565530061721802},"rotation":{"x":0.060220446437597278,"y":0.6965140104293823,"z":-0.05886328965425491,"w":0.7125846743583679},"size":3.844433069229126,"orthographic":false}