{"cameraMode":{"drawMode":0,"name":"Shaded","section":"Shading Mode"},"sceneLighting":false,"audioPlay":false,"sceneViewState":{"showFog":true,"showMaterialUpdate":false,"showSkybox":true,"showFlares":true,"showImageEffects":true,"showParticleSystems":true},"in2DMode":false,"pivot":{"x":9.316957473754883,"y":9.712387084960938,"z":-44.15545654296875},"rotation":{"x":0.4988557696342468,"y":0.4928395748138428,"z":-0.43567150831222536,"w":0.5643070936203003},"size":117.79955291748047,"orthographic":false}